timestamp,pose,confidence,status
2025-11-05 16:34:15.959686,Unknown Pose,0.00,failed
2025-11-05 16:34:19.468690,Unknown Pose,0.00,failed
2025-11-05 16:34:22.983328,Unknown Pose,0.00,failed
2025-11-05 16:34:26.493721,Unknown Pose,0.00,failed
2025-11-05 16:34:29.995029,Unknown Pose,0.00,failed
2025-11-05 16:34:33.505145,Unknown Pose,0.00,failed
2025-11-05 16:34:37.009528,Unknown Pose,0.00,failed
2025-11-05 16:34:40.536458,Unknown Pose,0.00,failed
2025-11-05 16:34:44.057607,Unknown Pose,0.00,failed
2025-11-05 16:34:47.576176,Unknown Pose,0.00,failed
2025-11-05 16:34:51.094471,Unknown Pose,0.00,failed
2025-11-05 16:34:54.629528,Unknown Pose,0.00,failed
2025-11-05 16:34:58.137787,Unknown Pose,0.00,failed
2025-11-05 16:35:01.655288,Unknown Pose,0.00,failed
2025-11-05 16:35:05.172058,Unknown Pose,0.00,failed
2025-11-05 16:35:08.680901,Unknown Pose,0.00,failed
2025-11-05 16:35:12.179979,Unknown Pose,0.00,failed
2025-11-05 16:35:15.691505,Unknown Pose,0.00,failed
2025-11-05 16:35:19.200446,Unknown Pose,0.00,failed
2025-11-05 16:35:22.701031,Unknown Pose,0.00,failed
2025-11-05 16:35:26.212562,Unknown Pose,0.00,failed
2025-11-05 16:35:29.726538,Unknown Pose,0.00,failed
2025-11-05 16:35:33.228700,Unknown Pose,0.00,failed
2025-11-05 16:35:36.748521,Unknown Pose,0.00,failed
2025-11-05 16:35:40.262240,Unknown Pose,0.00,failed
2025-11-05 16:35:43.771312,Unknown Pose,0.00,failed
2025-11-05 16:35:47.297579,Unknown Pose,0.00,failed
2025-11-05 16:35:50.811826,Unknown Pose,0.00,failed
2025-11-05 16:35:54.320631,Unknown Pose,0.00,failed
2025-11-05 16:35:57.837568,Unknown Pose,0.00,failed
2025-11-05 16:36:01.347911,Unknown Pose,0.00,failed
2025-11-05 16:36:04.851447,Unknown Pose,0.00,failed
2025-11-05 16:36:08.360961,Unknown Pose,0.00,failed
2025-11-05 16:36:11.868978,Unknown Pose,0.00,failed
2025-11-05 16:36:15.376449,Unknown Pose,0.00,failed
2025-11-05 16:36:18.887834,Unknown Pose,0.00,failed
2025-11-05 16:36:22.403871,Unknown Pose,0.00,failed
2025-11-05 16:36:25.916644,Unknown Pose,0.00,failed
2025-11-05 16:36:29.420913,Unknown Pose,0.00,failed
2025-11-05 16:36:32.928755,Unknown Pose,0.00,failed
2025-11-05 16:36:36.442461,Unknown Pose,0.00,failed
2025-11-05 16:36:39.949741,Unknown Pose,0.00,failed
2025-11-05 16:36:43.457737,Unknown Pose,0.00,failed
2025-11-05 16:36:46.964559,Unknown Pose,0.00,failed
2025-11-05 16:36:50.477410,Unknown Pose,0.00,failed
2025-11-05 16:36:53.988307,Unknown Pose,0.00,failed
2025-11-05 16:36:57.505231,Unknown Pose,0.00,failed
2025-11-05 16:37:01.014244,Unknown Pose,0.00,failed
2025-11-05 16:37:04.528524,Unknown Pose,0.00,failed
2025-11-05 16:37:08.061528,Unknown Pose,0.00,failed
2025-11-05 16:37:11.586263,Unknown Pose,0.00,failed
2025-11-05 16:37:15.134325,Unknown Pose,0.00,failed
2025-11-05 16:37:18.654644,Unknown Pose,0.00,failed
2025-11-05 16:37:22.185506,Unknown Pose,0.00,failed
2025-11-05 16:37:25.695573,Unknown Pose,0.00,failed
2025-11-05 16:37:29.208662,Unknown Pose,0.00,failed
2025-11-05 16:37:32.720817,Unknown Pose,0.00,failed
2025-11-05 16:37:36.256175,Unknown Pose,0.00,failed
2025-11-05 16:37:39.775049,Unknown Pose,0.00,failed
2025-11-05 16:37:43.290822,Unknown Pose,0.00,failed
2025-11-05 16:37:46.811232,Unknown Pose,0.00,failed
2025-11-05 16:48:12.821638,Unknown Pose,0.00,failed
2025-11-05 16:48:14.259334,Unknown Pose,0.00,failed
2025-11-05 16:48:15.694174,Unknown Pose,0.00,failed
2025-11-05 16:48:17.143557,Unknown Pose,0.00,failed
2025-11-05 16:48:18.591041,Unknown Pose,0.00,failed
2025-11-05 16:48:20.037863,Unknown Pose,0.00,failed
2025-11-05 16:48:21.478397,Unknown Pose,0.00,failed
2025-11-05 16:48:22.917083,Unknown Pose,0.00,failed
2025-11-05 16:48:24.367028,Unknown Pose,0.00,failed
2025-11-05 16:48:25.820114,Unknown Pose,0.00,failed
2025-11-05 16:48:27.269446,Unknown Pose,0.00,failed
2025-11-05 16:48:28.722253,Unknown Pose,0.00,failed
2025-11-05 16:48:30.168113,Unknown Pose,0.00,failed
2025-11-05 16:48:31.606111,Unknown Pose,0.00,failed
2025-11-05 16:48:33.047009,Unknown Pose,0.00,failed
2025-11-05 16:48:34.492051,Unknown Pose,0.00,failed
2025-11-05 16:48:35.934567,Unknown Pose,0.00,failed
2025-11-05 16:48:37.372241,Unknown Pose,0.00,failed
2025-11-05 16:48:38.821326,Unknown Pose,0.00,failed
2025-11-05 16:48:40.271272,Unknown Pose,0.00,failed
2025-11-05 16:48:41.708630,Unknown Pose,0.00,failed
2025-11-05 16:48:43.152195,Unknown Pose,0.00,failed
2025-11-05 16:48:44.602771,Unknown Pose,0.00,failed
2025-11-05 16:48:46.053925,Unknown Pose,0.00,failed
2025-11-05 16:48:47.502344,Unknown Pose,0.00,failed
2025-11-05 16:48:48.952960,Unknown Pose,0.00,failed
2025-11-05 16:48:50.403621,Unknown Pose,0.00,failed
2025-11-05 16:48:51.856637,Unknown Pose,0.00,failed
2025-11-05 16:48:53.301898,Unknown Pose,0.00,failed
2025-11-05 16:48:54.748392,Unknown Pose,0.00,failed
2025-11-05 16:48:56.202260,Unknown Pose,0.00,failed
2025-11-05 16:48:57.652969,Unknown Pose,0.00,failed
2025-11-05 16:48:59.100160,Unknown Pose,0.00,failed
2025-11-05 16:49:00.540173,Unknown Pose,0.00,failed
2025-11-05 16:49:01.984682,Unknown Pose,0.00,failed
2025-11-05 16:49:03.434931,Unknown Pose,0.00,failed
2025-11-05 16:54:49.874034,Unknown Pose,76.00,retry
2025-11-05 16:54:50.434680,Unknown Pose,96.00,retry
2025-11-05 16:54:50.980913,Unknown Pose,72.00,retry
2025-11-05 16:54:51.527540,Unknown Pose,41.00,retry
2025-11-05 16:54:52.086593,Unknown Pose,43.00,retry
2025-11-05 16:54:52.634923,Unknown Pose,23.00,retry
2025-11-05 16:54:53.183723,Unknown Pose,94.00,retry
2025-11-05 16:54:53.747358,Unknown Pose,50.00,retry
2025-11-05 16:54:54.327270,Unknown Pose,55.00,retry
2025-11-05 16:54:54.905000,Unknown Pose,116.00,retry
2025-11-05 16:54:55.467283,Unknown Pose,43.00,retry
2025-11-05 16:54:56.043677,Unknown Pose,46.00,retry
2025-11-05 16:54:56.610299,Unknown Pose,25.00,retry
2025-11-05 16:54:57.172960,Unknown Pose,68.00,retry
2025-11-05 16:54:57.736742,Unknown Pose,39.00,retry
2025-11-05 16:54:58.295091,Unknown Pose,60.00,retry
2025-11-05 16:54:58.870488,Unknown Pose,50.00,retry
2025-11-05 16:54:59.435543,Unknown Pose,136.00,retry
2025-11-05 16:55:00.012880,Unknown Pose,31.00,retry
2025-11-05 16:55:00.589244,Unknown Pose,30.00,retry
2025-11-05 16:55:01.149545,Unknown Pose,73.00,retry
2025-11-05 16:55:01.713877,Unknown Pose,48.00,retry
2025-11-05 16:55:02.260564,Unknown Pose,22.00,retry
2025-11-05 16:55:02.827690,Unknown Pose,25.00,retry
2025-11-05 16:55:03.381620,Unknown Pose,33.00,retry
2025-11-05 16:55:03.927794,Unknown Pose,83.00,retry
2025-11-05 16:55:04.502571,Unknown Pose,149.00,retry
2025-11-05 16:55:05.079306,Unknown Pose,114.00,retry
2025-11-05 16:55:05.658849,Unknown Pose,44.00,retry
2025-11-05 16:55:06.223867,Unknown Pose,28.00,retry
2025-11-05 16:55:06.783650,Unknown Pose,93.00,retry
2025-11-05 16:55:07.362243,Unknown Pose,66.00,retry
2025-11-05 16:55:07.927970,Unknown Pose,32.00,retry
2025-11-05 16:55:08.489429,Unknown Pose,61.00,retry
2025-11-05 16:55:09.065824,Unknown Pose,38.00,retry
2025-11-05 16:55:09.639545,Unknown Pose,31.00,retry
2025-11-05 16:55:10.204049,Unknown Pose,33.00,retry
2025-11-05 16:55:10.783846,Unknown Pose,29.00,retry
2025-11-05 16:55:11.358417,Unknown Pose,56.00,retry
2025-11-05 16:55:11.935976,Unknown Pose,36.00,retry
2025-11-05 16:55:12.488601,Unknown Pose,27.00,retry
2025-11-05 16:55:13.065677,Unknown Pose,35.00,retry
2025-11-05 16:55:13.627598,Unknown Pose,16.00,retry
2025-11-05 16:55:14.199533,Unknown Pose,26.00,retry
2025-11-05 16:55:14.773882,Unknown Pose,40.00,retry
2025-11-05 16:55:15.337904,Unknown Pose,37.00,retry
2025-11-05 16:55:15.901336,Unknown Pose,51.00,retry
2025-11-05 16:55:16.463610,Unknown Pose,18.00,retry
2025-11-05 16:55:17.019936,Unknown Pose,23.00,retry
2025-11-05 16:55:17.600228,Unknown Pose,18.00,retry
2025-11-05 16:55:18.159418,Unknown Pose,28.00,retry
2025-11-05 16:55:18.735600,Unknown Pose,25.00,retry
2025-11-05 16:55:19.295515,Unknown Pose,15.00,retry
2025-11-05 16:55:19.843549,Unknown Pose,19.00,retry
2025-11-05 16:55:20.405709,Unknown Pose,22.00,retry
2025-11-05 16:55:20.971166,Unknown Pose,35.00,retry
2025-11-05 16:55:21.552388,Unknown Pose,33.00,retry
2025-11-05 16:55:22.118337,Unknown Pose,25.00,retry
2025-11-05 16:55:22.687921,Unknown Pose,17.00,retry
2025-11-05 16:55:23.237656,Unknown Pose,31.00,retry
2025-11-05 16:55:23.797528,Unknown Pose,44.00,retry
2025-11-05 16:55:24.364294,Unknown Pose,21.00,retry
2025-11-05 16:55:24.935724,Unknown Pose,42.00,retry
2025-11-05 16:55:25.512933,Unknown Pose,28.00,retry
2025-11-05 16:55:26.079594,Unknown Pose,28.00,retry
2025-11-05 16:55:26.639322,Unknown Pose,22.00,retry
2025-11-05 16:55:27.215419,Unknown Pose,26.00,retry
2025-11-05 16:55:27.763701,Unknown Pose,22.00,retry
2025-11-05 16:55:28.326436,Unknown Pose,23.00,retry
2025-11-05 16:55:28.890389,Unknown Pose,29.00,retry
2025-11-05 16:55:29.472360,Unknown Pose,32.00,retry
2025-11-05 16:55:30.052790,Unknown Pose,31.00,retry
2025-11-05 16:55:30.626931,Unknown Pose,23.00,retry
2025-11-05 16:55:31.193054,Unknown Pose,21.00,retry
2025-11-05 16:55:31.757814,Unknown Pose,36.00,retry
2025-11-05 16:55:32.337018,Unknown Pose,26.00,retry
2025-11-05 16:55:32.887083,Unknown Pose,64.00,retry
2025-11-05 16:55:33.453635,Unknown Pose,17.00,retry
2025-11-05 16:55:34.031295,Unknown Pose,26.00,retry
2025-11-05 16:55:34.609400,Unknown Pose,43.00,retry
2025-11-05 16:55:35.173264,Unknown Pose,15.00,retry
2025-11-05 16:55:35.748458,Unknown Pose,23.00,retry
2025-11-05 16:55:36.310835,Unknown Pose,31.00,retry
2025-11-05 16:55:36.886967,Unknown Pose,37.00,retry
2025-11-05 16:55:37.448643,Unknown Pose,20.00,retry
2025-11-05 16:55:38.023589,Unknown Pose,27.00,retry
2025-11-05 16:55:38.584524,Unknown Pose,43.00,retry
2025-11-05 16:55:39.141386,Unknown Pose,24.00,retry
2025-11-05 16:55:39.716526,Unknown Pose,13.00,retry
2025-11-05 16:55:40.293489,Unknown Pose,28.00,retry
2025-11-05 16:55:40.869267,Unknown Pose,20.00,retry
2025-11-05 16:55:41.432642,Unknown Pose,29.00,retry
2025-11-05 16:55:41.993702,Unknown Pose,44.00,retry
2025-11-05 16:55:42.573588,Unknown Pose,57.00,retry
2025-11-05 16:55:43.141405,Unknown Pose,41.00,retry
2025-11-05 16:55:43.706896,Unknown Pose,35.00,retry
2025-11-05 16:55:44.288783,Unknown Pose,15.00,retry
2025-11-05 16:55:44.850828,Unknown Pose,18.00,retry
2025-11-05 16:55:45.429339,Unknown Pose,35.00,retry
2025-11-05 16:55:45.993587,Unknown Pose,17.00,retry
2025-11-05 16:55:46.552704,Unknown Pose,23.00,retry
2025-11-05 16:55:47.117914,Unknown Pose,17.00,retry
2025-11-05 16:55:47.693693,Unknown Pose,27.00,retry
2025-11-05 16:55:48.260383,Unknown Pose,34.00,retry
2025-11-05 16:55:48.821841,Unknown Pose,26.00,retry
2025-11-05 16:55:49.383486,Unknown Pose,22.00,retry
2025-11-05 16:55:49.936252,Unknown Pose,27.00,retry
2025-11-05 16:55:50.510687,Unknown Pose,27.00,retry
2025-11-05 16:55:51.066162,Unknown Pose,19.00,retry
2025-11-05 16:55:51.645554,Unknown Pose,22.00,retry
2025-11-05 16:55:52.223526,Unknown Pose,28.00,retry
2025-11-05 16:55:52.771361,Unknown Pose,26.00,retry
2025-11-05 16:55:53.334386,Unknown Pose,21.00,retry
2025-11-05 16:55:53.899405,Unknown Pose,22.00,retry
2025-11-05 16:55:54.464057,Unknown Pose,33.00,retry
2025-11-05 16:55:55.016997,Unknown Pose,27.00,retry
2025-11-05 16:55:55.566459,Unknown Pose,18.00,retry
2025-11-05 16:55:56.129135,Unknown Pose,34.00,retry
2025-11-05 16:55:56.703128,Unknown Pose,22.00,retry
2025-11-05 16:55:57.266170,Unknown Pose,20.00,retry
2025-11-05 16:55:57.827399,Unknown Pose,22.00,retry
2025-11-05 16:55:58.394370,Unknown Pose,17.00,retry
2025-11-05 16:55:58.961318,Unknown Pose,25.00,retry
2025-11-05 16:55:59.535242,Unknown Pose,20.00,retry
2025-11-05 16:56:00.110656,Unknown Pose,24.00,retry
2025-11-05 16:56:00.665329,Unknown Pose,18.00,retry
2025-11-05 16:56:01.217492,Unknown Pose,28.00,retry
2025-11-05 16:56:01.766852,Unknown Pose,19.00,retry
2025-11-05 16:56:02.348731,Unknown Pose,27.00,retry
2025-11-05 16:56:02.907449,Unknown Pose,19.00,retry
2025-11-05 16:56:03.471955,Unknown Pose,19.00,retry
2025-11-05 16:56:04.033491,Unknown Pose,26.00,retry
2025-11-05 16:56:04.595682,Unknown Pose,26.00,retry
2025-11-05 16:56:05.161597,Unknown Pose,20.00,retry
2025-11-05 16:56:05.725579,Unknown Pose,19.00,retry
2025-11-05 16:56:06.302226,Unknown Pose,41.00,retry
2025-11-05 16:56:06.876848,Unknown Pose,38.00,retry
2025-11-05 16:56:07.439846,Unknown Pose,64.00,retry
2025-11-05 16:56:08.001336,Unknown Pose,68.00,retry
2025-11-05 16:56:08.578435,Unknown Pose,36.00,retry
2025-11-05 16:56:09.159026,Unknown Pose,42.00,retry
2025-11-05 16:56:09.725762,Unknown Pose,39.00,retry
2025-11-05 16:56:10.286424,Unknown Pose,47.00,retry
2025-11-05 16:56:10.849762,Unknown Pose,41.00,retry
2025-11-05 16:56:11.413586,Unknown Pose,33.00,retry
2025-11-05 16:56:11.978472,Unknown Pose,15.00,retry
2025-11-05 16:56:12.540680,Unknown Pose,18.00,retry
2025-11-05 16:56:13.102613,Unknown Pose,20.00,retry
2025-11-05 16:56:13.679334,Unknown Pose,20.00,retry
2025-11-05 16:56:14.239921,Unknown Pose,17.00,retry
2025-11-05 16:58:08.010594,Unknown Pose,27.00,failed
2025-11-05 16:58:08.715707,Unknown Pose,24.00,failed
2025-11-05 16:58:09.419263,Unknown Pose,41.00,failed
2025-11-05 16:58:10.134008,Unknown Pose,25.00,failed
2025-11-05 16:58:10.834990,Unknown Pose,22.00,failed
2025-11-05 16:58:11.554458,Unknown Pose,28.00,failed
2025-11-05 16:58:12.271627,Unknown Pose,24.00,failed
2025-11-05 16:58:12.977264,Unknown Pose,47.00,failed
2025-11-05 16:58:13.679428,Unknown Pose,32.00,failed
2025-11-05 16:58:14.407984,Unknown Pose,31.00,failed
2025-11-05 16:58:15.113767,Unknown Pose,29.00,failed
2025-11-05 16:58:15.820364,Unknown Pose,63.00,failed
2025-11-05 16:58:16.541959,Unknown Pose,49.00,failed
2025-11-05 16:58:17.248729,Unknown Pose,91.00,failed
2025-11-05 16:58:17.936063,Unknown Pose,56.00,failed
2025-11-05 16:58:18.657531,Unknown Pose,71.00,failed
2025-11-05 16:58:19.374023,Unknown Pose,35.00,failed
2025-11-05 16:58:20.086208,Unknown Pose,16.00,failed
2025-11-05 16:58:20.798001,Unknown Pose,44.00,failed
2025-11-05 16:58:21.501761,Unknown Pose,29.00,failed
2025-11-05 16:58:22.216178,Unknown Pose,18.00,failed
2025-11-05 16:58:22.933862,Unknown Pose,29.00,failed
2025-11-05 16:58:23.624981,Unknown Pose,26.00,failed
2025-11-05 16:58:24.342290,Unknown Pose,14.00,failed
2025-11-05 16:58:25.073482,Unknown Pose,15.00,failed
2025-11-05 16:58:25.779952,Unknown Pose,22.00,failed
2025-11-05 16:58:26.488092,Unknown Pose,20.00,failed
2025-11-05 16:58:27.204012,Unknown Pose,29.00,failed
2025-11-05 16:58:27.909207,Unknown Pose,22.00,failed
2025-11-05 16:58:28.625933,Unknown Pose,29.00,failed
2025-11-05 16:58:29.328774,Unknown Pose,33.00,failed
2025-11-05 16:58:30.026020,Unknown Pose,30.00,failed
2025-11-05 16:58:30.741751,Unknown Pose,42.00,failed
2025-11-05 16:58:31.459982,Unknown Pose,20.00,failed
2025-11-05 16:58:32.160201,Unknown Pose,44.00,failed
2025-11-05 16:58:32.876874,Unknown Pose,26.00,failed
2025-11-05 16:58:33.594260,Unknown Pose,27.00,failed
2025-11-05 16:58:34.324562,Unknown Pose,50.00,failed
2025-11-05 16:58:35.042392,Unknown Pose,48.00,failed
2025-11-05 16:58:35.760964,Unknown Pose,42.00,failed
2025-11-05 16:58:36.478888,Unknown Pose,36.00,failed
2025-11-05 16:58:37.200870,Unknown Pose,28.00,failed
2025-11-05 16:58:37.903487,Unknown Pose,26.00,failed
2025-11-05 16:58:38.604053,Unknown Pose,33.00,failed
2025-11-05 16:58:39.320952,Unknown Pose,37.00,failed
2025-11-05 16:58:40.039694,Unknown Pose,34.00,failed
2025-11-05 16:58:40.753024,Unknown Pose,36.00,failed
2025-11-05 16:58:41.460935,Unknown Pose,25.00,failed
2025-11-05 16:58:42.190831,Unknown Pose,29.00,failed
2025-11-05 16:58:42.908834,Unknown Pose,50.00,failed
2025-11-05 16:58:43.622957,Unknown Pose,36.00,failed
2025-11-05 16:58:44.337702,Unknown Pose,37.00,failed
2025-11-05 16:58:45.052937,Unknown Pose,46.00,failed
2025-11-05 16:58:45.771910,Unknown Pose,38.00,failed
2025-11-05 16:58:46.471086,Unknown Pose,29.00,failed
2025-11-05 16:58:47.189106,Unknown Pose,32.00,failed
2025-11-05 16:58:47.891359,Unknown Pose,25.00,failed
2025-11-05 16:58:48.610013,Unknown Pose,31.00,failed
2025-11-05 16:58:49.323784,Unknown Pose,27.00,failed
2025-11-05 16:58:50.013055,Unknown Pose,31.00,failed
2025-11-05 16:58:50.718539,Unknown Pose,23.00,failed
2025-11-05 16:58:51.417822,Unknown Pose,18.00,failed
2025-11-05 16:58:52.136890,Unknown Pose,15.00,failed
2025-11-05 16:58:52.866736,Unknown Pose,28.00,failed
2025-11-05 16:58:53.588459,Unknown Pose,29.00,failed
2025-11-05 16:58:54.316902,Unknown Pose,34.00,failed
2025-11-05 16:58:55.022141,Unknown Pose,24.00,failed
2025-11-05 16:58:55.737358,Unknown Pose,21.00,failed
2025-11-05 16:58:56.468146,Unknown Pose,53.00,failed
2025-11-05 16:58:57.171097,Unknown Pose,54.00,failed
2025-11-05 16:58:57.876948,Unknown Pose,16.00,failed
2025-11-05 16:58:59.442788,Unknown Pose,32.00,failed
2025-11-05 16:59:00.134606,Unknown Pose,16.00,failed
2025-11-05 16:59:00.851593,Unknown Pose,18.00,failed
2025-11-05 16:59:01.847432,Unknown Pose,13.00,failed
2025-11-05 16:59:02.564569,Unknown Pose,16.00,failed
2025-11-05 16:59:03.267605,Unknown Pose,15.00,failed
2025-11-05 16:59:03.966324,Unknown Pose,32.00,failed
2025-11-05 16:59:04.685091,Unknown Pose,26.00,failed
2025-11-05 16:59:05.393050,Unknown Pose,13.00,failed
2025-11-05 16:59:06.112611,Unknown Pose,14.00,failed
2025-11-05 16:59:06.817605,Unknown Pose,11.00,failed
2025-11-05 16:59:07.519709,Unknown Pose,20.00,failed
2025-11-05 16:59:08.239690,Unknown Pose,19.00,failed
2025-11-05 16:59:08.957655,Unknown Pose,14.00,failed
2025-11-05 16:59:09.672627,Unknown Pose,11.00,failed
2025-11-05 16:59:10.389004,Unknown Pose,27.00,failed
2025-11-05 16:59:11.106011,Unknown Pose,59.00,failed
2025-11-05 16:59:11.825135,Unknown Pose,21.00,failed
2025-11-05 16:59:12.528085,Unknown Pose,34.00,failed
2025-11-05 16:59:13.246817,Unknown Pose,57.00,failed
2025-11-05 16:59:13.947287,Unknown Pose,14.00,failed
2025-11-05 16:59:14.663001,Unknown Pose,21.00,failed
2025-11-05 16:59:15.380331,Unknown Pose,18.00,failed
2025-11-05 16:59:16.098848,Unknown Pose,11.00,failed
2025-11-05 16:59:16.820242,Unknown Pose,13.00,failed
2025-11-05 16:59:17.518973,Unknown Pose,14.00,failed
2025-11-05 16:59:18.222752,Unknown Pose,16.00,failed
2025-11-05 16:59:18.924652,Unknown Pose,14.00,failed
2025-11-05 16:59:19.645564,Unknown Pose,20.00,failed
2025-11-05 16:59:20.350053,Unknown Pose,71.00,failed
2025-11-05 16:59:21.051700,Unknown Pose,85.00,failed
2025-11-05 16:59:21.768827,Unknown Pose,87.00,failed
2025-11-05 16:59:22.475715,Unknown Pose,69.00,failed
2025-11-05 16:59:23.180701,Unknown Pose,172.00,failed
2025-11-05 16:59:23.896302,Unknown Pose,134.00,failed
2025-11-05 16:59:24.613607,Unknown Pose,129.00,failed
2025-11-05 16:59:25.332066,Unknown Pose,126.00,failed
2025-11-05 16:59:26.063212,Unknown Pose,48.00,failed
2025-11-05 16:59:26.758863,Unknown Pose,118.00,failed
2025-11-05 16:59:27.450590,Unknown Pose,54.00,failed
2025-11-05 16:59:28.166498,Unknown Pose,71.00,failed
2025-11-05 16:59:28.887385,Unknown Pose,40.00,failed
2025-11-05 16:59:29.609106,Unknown Pose,22.00,failed
2025-11-05 16:59:30.329004,Unknown Pose,50.00,failed
2025-11-05 16:59:31.033316,Unknown Pose,32.00,failed
2025-11-05 16:59:31.737547,Unknown Pose,29.00,failed
2025-11-05 16:59:32.458092,Unknown Pose,16.00,failed
2025-11-05 16:59:33.160117,Unknown Pose,173.00,failed
2025-11-05 16:59:33.863160,Unknown Pose,103.00,failed
2025-11-05 16:59:34.578795,Unknown Pose,127.00,failed
2025-11-05 16:59:35.290885,Unknown Pose,33.00,failed
2025-11-05 16:59:35.995280,Unknown Pose,55.00,failed
2025-11-05 17:02:34.555014,Unknown Pose,16.00,failed
2025-11-05 17:02:35.101069,Unknown Pose,50.00,failed
2025-11-05 17:02:35.647020,Unknown Pose,26.00,failed
2025-11-05 17:02:36.193487,Unknown Pose,15.00,failed
2025-11-05 17:02:36.742321,Unknown Pose,17.00,failed
2025-11-05 17:02:37.303524,Unknown Pose,42.00,failed
2025-11-05 17:02:37.852600,Unknown Pose,29.00,failed
2025-11-05 17:02:38.423344,Unknown Pose,23.00,failed
2025-11-05 17:02:38.969123,Unknown Pose,56.00,failed
2025-11-05 17:02:39.516795,Unknown Pose,105.00,failed
2025-11-05 17:02:40.066254,Unknown Pose,12.00,failed
2025-11-05 17:02:40.613073,Unknown Pose,33.00,failed
2025-11-05 17:02:41.161335,Unknown Pose,14.00,failed
2025-11-05 17:02:41.721831,Unknown Pose,21.00,failed
2025-11-05 17:02:42.299350,Unknown Pose,27.00,failed
2025-11-05 17:02:42.845152,Unknown Pose,19.00,failed
2025-11-05 17:02:43.392575,Unknown Pose,78.00,failed
2025-11-05 17:02:43.806704,ars,30.00,correct
2025-11-05 17:02:49.358443,Unknown Pose,91.00,failed
2025-11-05 17:02:49.920779,Unknown Pose,103.00,failed
2025-11-05 17:02:50.492217,Unknown Pose,56.00,failed
2025-11-05 17:02:51.053919,Unknown Pose,69.00,failed
2025-11-05 17:02:51.612278,Unknown Pose,40.00,failed
2025-11-05 17:02:52.157961,Unknown Pose,86.00,failed
2025-11-05 17:02:52.703988,Unknown Pose,73.00,failed
2025-11-05 17:02:53.249999,Unknown Pose,97.00,failed
2025-11-05 17:02:53.807132,Unknown Pose,53.00,failed
2025-11-05 17:02:54.361332,Unknown Pose,43.00,failed
2025-11-05 17:02:54.921800,Unknown Pose,35.00,failed
2025-11-05 17:02:55.482179,Unknown Pose,34.00,failed
2025-11-05 17:02:56.042690,Unknown Pose,52.00,failed
2025-11-05 17:02:56.608333,Unknown Pose,65.00,failed
2025-11-05 17:02:57.172263,Unknown Pose,73.00,failed
2025-11-05 17:02:57.748626,Unknown Pose,69.00,failed
2025-11-05 17:02:58.312540,Unknown Pose,87.00,failed
2025-11-05 17:02:58.874657,Unknown Pose,102.00,failed
2025-11-05 17:02:59.446224,Unknown Pose,75.00,failed
2025-11-05 17:03:00.008438,Unknown Pose,61.00,failed
2025-11-05 17:03:00.572149,Unknown Pose,42.00,failed
2025-11-05 17:03:01.132330,Unknown Pose,46.00,failed
2025-11-05 17:03:01.683045,Unknown Pose,63.00,failed
2025-11-05 17:03:02.229257,Unknown Pose,54.00,failed
2025-11-05 17:03:02.804459,Unknown Pose,38.00,failed
2025-11-05 17:03:03.347822,Unknown Pose,123.00,failed
2025-11-05 17:03:03.912486,Unknown Pose,67.00,failed
2025-11-05 17:03:04.477922,Unknown Pose,96.00,failed
2025-11-05 17:03:05.042345,Unknown Pose,92.00,failed
2025-11-05 17:03:05.606471,Unknown Pose,61.00,failed
2025-11-05 17:03:06.156979,Unknown Pose,133.00,failed
2025-11-05 17:03:06.723981,Unknown Pose,89.00,failed
2025-11-05 17:03:07.297001,Unknown Pose,26.00,failed
2025-11-05 17:03:07.860640,Unknown Pose,49.00,failed
2025-11-05 17:03:08.403965,Unknown Pose,35.00,failed
2025-11-05 17:03:08.981398,Unknown Pose,31.00,failed
2025-11-05 17:03:09.558366,Unknown Pose,25.00,failed
2025-11-05 17:03:10.106687,Unknown Pose,61.00,failed
2025-11-05 17:03:10.672333,Unknown Pose,38.00,failed
2025-11-05 17:03:11.235489,Unknown Pose,50.00,failed
2025-11-05 17:03:11.788529,Unknown Pose,60.00,failed
2025-11-05 17:03:12.341595,Unknown Pose,53.00,failed
2025-11-05 17:03:12.911773,Unknown Pose,45.00,failed
2025-11-05 17:03:13.474116,Unknown Pose,70.00,failed
2025-11-05 17:03:14.034574,Unknown Pose,84.00,failed
2025-11-05 17:03:14.596861,Unknown Pose,50.00,failed
2025-11-05 17:03:15.142534,Unknown Pose,66.00,failed
2025-11-05 17:03:15.692977,Unknown Pose,53.00,failed
2025-11-05 17:03:16.252234,Unknown Pose,34.00,failed
2025-11-05 17:03:16.814890,Unknown Pose,33.00,failed
2025-11-05 17:03:17.377835,Unknown Pose,41.00,failed
2025-11-05 17:03:17.938308,Unknown Pose,33.00,failed
2025-11-05 17:03:18.500074,Unknown Pose,33.00,failed
2025-11-05 17:03:19.059969,Unknown Pose,27.00,failed
2025-11-05 17:03:19.609089,Unknown Pose,26.00,failed
2025-11-05 17:03:20.168836,Unknown Pose,30.00,failed
2025-11-05 17:03:20.729557,Unknown Pose,41.00,failed
2025-11-05 17:03:21.274691,Unknown Pose,38.00,failed
2025-11-05 17:03:21.837163,Unknown Pose,69.00,failed
2025-11-05 17:03:22.414220,Unknown Pose,36.00,failed
2025-11-05 17:03:22.962808,Unknown Pose,56.00,failed
2025-11-05 17:03:23.524166,Unknown Pose,50.00,failed
2025-11-05 17:03:24.087244,Unknown Pose,62.00,failed
2025-11-05 17:03:24.651057,Unknown Pose,70.00,failed
2025-11-05 17:03:25.213328,Unknown Pose,52.00,failed
2025-11-05 17:03:25.788234,Unknown Pose,26.00,failed
2025-11-05 17:03:26.363880,Unknown Pose,36.00,failed
2025-11-05 17:03:26.925257,Unknown Pose,42.00,failed
2025-11-05 17:03:27.491945,Unknown Pose,77.00,failed
2025-11-05 17:03:28.060305,Unknown Pose,36.00,failed
2025-11-05 17:03:28.635492,Unknown Pose,46.00,failed
2025-11-05 17:03:29.196634,Unknown Pose,72.00,failed
2025-11-05 17:03:29.757719,Unknown Pose,47.00,failed
2025-11-05 17:03:30.307249,Unknown Pose,57.00,failed
2025-11-05 17:03:30.867962,Unknown Pose,33.00,failed
2025-11-05 17:03:31.435885,Unknown Pose,43.00,failed
2025-11-05 17:03:32.001541,Unknown Pose,43.00,failed
2025-11-05 17:03:32.547574,Unknown Pose,38.00,failed
2025-11-05 17:03:33.095976,Unknown Pose,30.00,failed
2025-11-05 17:03:33.647654,Unknown Pose,35.00,failed
2025-11-05 17:03:34.207088,Unknown Pose,35.00,failed
2025-11-05 17:03:34.785455,Unknown Pose,27.00,failed
2025-11-05 17:03:35.347566,Unknown Pose,29.00,failed
2025-11-05 17:03:35.897508,Unknown Pose,38.00,failed
2025-11-05 17:03:36.458201,Unknown Pose,49.00,failed
2025-11-05 17:03:37.004348,Unknown Pose,28.00,failed
2025-11-05 17:03:37.566135,Unknown Pose,112.00,failed
2025-11-05 17:03:38.128191,Unknown Pose,48.00,failed
2025-11-05 17:03:38.689002,Unknown Pose,107.00,failed
2025-11-05 17:03:39.249026,Unknown Pose,73.00,failed
2025-11-05 17:03:39.810292,Unknown Pose,69.00,failed
2025-11-05 17:03:40.355895,Unknown Pose,61.00,failed
2025-11-05 17:03:40.916181,Unknown Pose,63.00,failed
2025-11-05 17:03:41.490537,Unknown Pose,49.00,failed
2025-11-05 17:03:42.058012,Unknown Pose,38.00,failed
2025-11-05 17:03:42.617207,Unknown Pose,59.00,failed
2025-11-05 17:03:43.161932,Unknown Pose,42.00,failed
2025-11-05 17:03:43.705850,Unknown Pose,42.00,failed
2025-11-05 17:03:44.256410,Unknown Pose,66.00,failed
2025-11-05 17:03:44.819191,Unknown Pose,38.00,failed
2025-11-05 17:03:45.377775,Unknown Pose,41.00,failed
2025-11-05 17:03:45.943865,Unknown Pose,70.00,failed
2025-11-05 17:03:46.507374,Unknown Pose,51.00,failed
2025-11-05 17:03:47.072442,Unknown Pose,54.00,failed
2025-11-05 17:03:47.620809,Unknown Pose,43.00,failed
2025-11-05 17:03:48.179174,Unknown Pose,58.00,failed
2025-11-05 17:03:48.737178,Unknown Pose,41.00,failed
2025-11-05 17:03:49.285119,Unknown Pose,54.00,failed
2025-11-05 17:03:49.833189,Unknown Pose,45.00,failed
2025-11-05 17:03:50.390248,Unknown Pose,55.00,failed
2025-11-05 17:03:50.940985,Unknown Pose,62.00,failed
2025-11-05 17:03:51.491460,Unknown Pose,46.00,failed
2025-11-05 17:03:52.039338,Unknown Pose,67.00,failed
2025-11-05 17:03:52.602191,Unknown Pose,61.00,failed
2025-11-05 17:03:53.166204,Unknown Pose,38.00,failed
2025-11-05 17:03:53.729292,Unknown Pose,39.00,failed
2025-11-05 17:03:54.293390,Unknown Pose,43.00,failed
2025-11-05 17:03:54.845000,Unknown Pose,43.00,failed
2025-11-05 17:03:55.408608,Unknown Pose,35.00,failed
2025-11-05 17:03:55.953845,Unknown Pose,60.00,failed
2025-11-05 17:03:56.502110,Unknown Pose,45.00,failed
2025-11-05 17:03:57.061170,Unknown Pose,45.00,failed
2025-11-05 17:03:57.618287,Unknown Pose,38.00,failed
2025-11-05 17:03:58.184474,Unknown Pose,36.00,failed
2025-11-05 17:03:58.747829,Unknown Pose,42.00,failed
2025-11-05 17:03:59.295468,Unknown Pose,45.00,failed
2025-11-05 17:03:59.844656,Unknown Pose,40.00,failed
2025-11-05 17:04:00.411899,Unknown Pose,42.00,failed
2025-11-05 17:04:00.960020,Unknown Pose,31.00,failed
2025-11-05 17:04:01.506743,Unknown Pose,41.00,failed
2025-11-05 17:04:02.054725,Unknown Pose,31.00,failed
2025-11-05 17:04:02.626938,Unknown Pose,43.00,failed
2025-11-05 17:04:03.175841,Unknown Pose,38.00,failed
2025-11-05 17:04:03.724730,Unknown Pose,47.00,failed
2025-11-05 17:04:04.272362,Unknown Pose,49.00,failed
2025-11-05 17:04:04.820624,Unknown Pose,41.00,failed
2025-11-05 17:04:05.371914,Unknown Pose,42.00,failed
2025-11-05 17:04:05.932583,Unknown Pose,51.00,failed
2025-11-05 17:04:06.492665,Unknown Pose,44.00,failed
2025-11-05 17:04:07.040004,Unknown Pose,47.00,failed
2025-11-05 17:04:07.605001,Unknown Pose,44.00,failed
2025-11-05 17:04:08.166775,Unknown Pose,47.00,failed
2025-11-05 17:04:08.725266,Unknown Pose,30.00,failed
2025-11-05 17:04:09.273313,Unknown Pose,46.00,failed
2025-11-05 17:04:09.818937,Unknown Pose,37.00,failed
2025-11-05 17:04:10.372814,Unknown Pose,44.00,failed
2025-11-05 17:04:10.927420,Unknown Pose,56.00,failed
2025-11-05 17:04:11.472166,Unknown Pose,36.00,failed
2025-11-05 17:04:12.020324,Unknown Pose,54.00,failed
2025-11-05 17:04:12.568748,Unknown Pose,34.00,failed
2025-11-05 17:04:13.114667,Unknown Pose,39.00,failed
2025-11-05 17:04:13.662116,Unknown Pose,49.00,failed
2025-11-05 17:04:14.223258,Unknown Pose,36.00,failed
2025-11-05 17:04:14.787654,Unknown Pose,43.00,failed
2025-11-05 17:04:15.334331,Unknown Pose,48.00,failed
2025-11-05 17:04:15.892977,Unknown Pose,37.00,failed
2025-11-05 17:04:16.446804,Unknown Pose,41.00,failed
2025-11-05 17:04:17.009627,Unknown Pose,51.00,failed
2025-11-05 17:04:17.574059,Unknown Pose,67.00,failed
2025-11-05 17:04:18.149348,Unknown Pose,66.00,failed
2025-11-05 17:04:18.707295,Unknown Pose,78.00,failed
2025-11-05 17:04:19.267661,Unknown Pose,91.00,failed
2025-11-05 17:04:19.816674,Unknown Pose,76.00,failed
2025-11-05 17:04:20.377592,Unknown Pose,56.00,failed
2025-11-05 17:04:20.938478,Unknown Pose,81.00,failed
2025-11-05 17:04:21.498464,Unknown Pose,66.00,failed
2025-11-05 17:04:22.061691,Unknown Pose,61.00,failed
2025-11-05 17:04:22.610111,Unknown Pose,43.00,failed
2025-11-05 17:04:23.184330,Unknown Pose,68.00,failed
2025-11-05 17:04:23.745663,Unknown Pose,47.00,failed
2025-11-05 17:04:24.308854,Unknown Pose,47.00,failed
2025-11-05 17:04:24.858460,Unknown Pose,61.00,failed
2025-11-05 17:04:25.429636,Unknown Pose,74.00,failed
2025-11-05 17:04:25.994626,Unknown Pose,52.00,failed
2025-11-05 17:04:26.569511,Unknown Pose,54.00,failed
2025-11-05 17:04:27.135579,Unknown Pose,56.00,failed
2025-11-05 17:04:27.684237,Unknown Pose,69.00,failed
2025-11-05 17:04:28.233137,Unknown Pose,67.00,failed
2025-11-05 17:04:28.798684,Unknown Pose,57.00,failed
2025-11-05 17:04:29.372112,Unknown Pose,65.00,failed
2025-11-05 17:04:29.933368,Unknown Pose,60.00,failed
2025-11-05 17:04:30.481192,Unknown Pose,66.00,failed
2025-11-05 17:04:31.025224,Unknown Pose,40.00,failed
2025-11-05 17:04:31.584486,Unknown Pose,32.00,failed
2025-11-05 17:04:32.131947,Unknown Pose,30.00,failed
2025-11-05 17:04:32.692274,Unknown Pose,38.00,failed
2025-11-05 17:04:33.242951,Unknown Pose,25.00,failed
2025-11-05 17:04:33.796317,Unknown Pose,38.00,failed
2025-11-05 17:04:34.360762,Unknown Pose,34.00,failed
2025-11-05 17:04:34.905715,Unknown Pose,82.00,failed
2025-11-05 17:04:35.451697,Unknown Pose,44.00,failed
2025-11-05 17:04:36.013300,Unknown Pose,48.00,failed
2025-11-05 17:04:36.575386,Unknown Pose,26.00,failed
2025-11-05 17:06:36.110696,Unknown Pose,54.00,failed
2025-11-05 17:06:36.655317,Unknown Pose,27.00,failed
2025-11-05 17:06:37.202445,Unknown Pose,52.00,failed
2025-11-05 17:06:37.747169,Unknown Pose,59.00,failed
2025-11-05 17:06:38.304981,Unknown Pose,42.00,failed
2025-11-05 17:06:38.864552,Unknown Pose,51.00,failed
2025-11-05 17:06:39.411134,Unknown Pose,41.00,failed
2025-11-05 17:06:39.974138,Unknown Pose,28.00,failed
2025-11-05 17:06:40.548168,Unknown Pose,32.00,failed
2025-11-05 17:06:41.113153,Unknown Pose,72.00,failed
2025-11-05 17:06:41.684985,Unknown Pose,51.00,failed
2025-11-05 17:06:42.248943,Unknown Pose,40.00,failed
2025-11-05 17:06:42.809420,Unknown Pose,53.00,failed
2025-11-05 17:06:43.372395,Unknown Pose,59.00,failed
2025-11-05 17:06:43.930166,Unknown Pose,55.00,failed
2025-11-05 17:06:44.494235,Unknown Pose,54.00,failed
2025-11-05 17:06:45.051034,Unknown Pose,37.00,failed
2025-11-05 17:06:45.613225,Unknown Pose,32.00,failed
2025-11-05 17:06:46.164050,Unknown Pose,88.00,failed
2025-11-05 17:06:46.720592,Unknown Pose,59.00,failed
2025-11-05 17:06:47.267173,Unknown Pose,60.00,failed
2025-11-05 17:06:47.814493,Unknown Pose,54.00,failed
2025-11-05 17:06:48.362089,Unknown Pose,32.00,failed
2025-11-05 17:06:48.921504,Unknown Pose,42.00,failed
2025-11-05 17:06:49.467914,Unknown Pose,57.00,failed
2025-11-05 17:06:50.012512,Unknown Pose,41.00,failed
2025-11-05 17:06:50.573069,Unknown Pose,46.00,failed
2025-11-05 17:06:51.137387,Unknown Pose,91.00,failed
2025-11-05 17:06:51.697672,Unknown Pose,24.00,failed
2025-11-05 17:06:52.264605,Unknown Pose,44.00,failed
2025-11-05 17:06:52.826959,Unknown Pose,50.00,failed
2025-11-05 17:06:53.372639,Unknown Pose,33.00,failed
2025-11-05 17:06:53.918775,Unknown Pose,44.00,failed
2025-11-05 17:06:54.465088,Unknown Pose,81.00,failed
2025-11-05 17:06:55.012464,Unknown Pose,24.00,failed
2025-11-05 17:06:55.577323,Unknown Pose,37.00,failed
2025-11-05 17:06:56.136269,Unknown Pose,76.00,failed
2025-11-05 17:06:56.698071,Unknown Pose,23.00,failed
2025-11-05 17:06:57.241053,Unknown Pose,44.00,failed
2025-11-05 17:06:57.810281,Unknown Pose,59.00,failed
2025-11-05 17:06:58.392014,Unknown Pose,32.00,failed
2025-11-05 17:06:58.952543,Unknown Pose,35.00,failed
2025-11-05 17:06:59.514309,Unknown Pose,33.00,failed
2025-11-05 17:07:00.059400,Unknown Pose,56.00,failed
2025-11-05 17:07:00.622123,Unknown Pose,72.00,failed
2025-11-05 17:07:01.180343,Unknown Pose,40.00,failed
2025-11-05 17:07:01.742443,Unknown Pose,33.00,failed
2025-11-05 17:07:02.289384,Unknown Pose,93.00,failed
2025-11-05 17:07:02.834047,Unknown Pose,31.00,failed
2025-11-05 17:07:03.399188,Unknown Pose,34.00,failed
2025-11-05 17:07:03.948235,Unknown Pose,123.00,failed
2025-11-05 17:07:04.508684,Unknown Pose,131.00,failed
2025-11-05 17:07:05.069247,Unknown Pose,141.00,failed
2025-11-05 17:07:05.615153,Unknown Pose,105.00,failed
2025-11-05 17:07:06.179230,Unknown Pose,31.00,failed
2025-11-05 17:07:06.727523,Unknown Pose,77.00,failed
2025-11-05 17:07:07.295323,Unknown Pose,43.00,failed
2025-11-05 17:07:07.851362,Unknown Pose,78.00,failed
2025-11-05 17:07:08.398341,Unknown Pose,39.00,failed
2025-11-05 17:07:08.959383,Unknown Pose,38.00,failed
2025-11-05 17:07:09.504168,Unknown Pose,80.00,failed
2025-11-05 17:07:10.059463,Unknown Pose,38.00,failed
2025-11-05 17:07:10.607724,Unknown Pose,44.00,failed
2025-11-05 17:07:11.151644,Unknown Pose,61.00,failed
2025-11-05 17:07:11.711361,Unknown Pose,31.00,failed
2025-11-05 17:07:12.271714,Unknown Pose,39.00,failed
2025-11-05 17:07:12.834290,Unknown Pose,30.00,failed
2025-11-05 17:07:13.377391,Unknown Pose,40.00,failed
2025-11-05 17:07:13.939885,Unknown Pose,39.00,failed
2025-11-05 17:07:14.491224,Unknown Pose,49.00,failed
2025-11-05 17:07:15.046558,Unknown Pose,40.00,failed
2025-11-05 17:07:15.594486,Unknown Pose,42.00,failed
2025-11-05 17:07:16.140114,Unknown Pose,35.00,failed
2025-11-05 17:07:16.688708,Unknown Pose,62.00,failed
2025-11-05 17:07:17.234339,Unknown Pose,67.00,failed
2025-11-05 17:07:17.780113,Unknown Pose,36.00,failed
2025-11-05 17:07:18.325893,Unknown Pose,38.00,failed
2025-11-05 17:07:18.873316,Unknown Pose,29.00,failed
2025-11-05 17:07:19.428384,Unknown Pose,31.00,failed
2025-11-05 17:07:19.976506,Unknown Pose,54.00,failed
2025-11-05 17:07:20.535953,Unknown Pose,52.00,failed
2025-11-05 17:07:21.104579,Unknown Pose,53.00,failed
2025-11-05 17:07:21.673422,Unknown Pose,122.00,failed
2025-11-05 17:07:22.231555,Unknown Pose,33.00,failed
2025-11-05 17:07:22.791318,Unknown Pose,70.00,failed
2025-11-05 17:07:23.351289,Unknown Pose,29.00,failed
2025-11-05 17:07:23.912898,Unknown Pose,33.00,failed
2025-11-05 17:07:24.472956,Unknown Pose,42.00,failed
2025-11-05 17:07:25.032794,Unknown Pose,74.00,failed
2025-11-05 17:07:25.579449,Unknown Pose,61.00,failed
2025-11-05 17:07:26.138787,Unknown Pose,38.00,failed
2025-11-05 17:07:26.701466,Unknown Pose,36.00,failed
2025-11-05 17:07:27.277825,Unknown Pose,42.00,failed
2025-11-05 17:07:27.841932,Unknown Pose,34.00,failed
2025-11-05 17:07:28.403815,Unknown Pose,73.00,failed
2025-11-05 17:07:28.955113,Unknown Pose,102.00,failed
2025-11-05 17:07:29.503862,Unknown Pose,36.00,failed
2025-11-05 17:07:30.054089,Unknown Pose,95.00,failed
2025-11-05 17:07:30.601734,Unknown Pose,88.00,failed
2025-11-05 17:07:31.148056,Unknown Pose,51.00,failed
2025-11-05 17:07:31.693276,Unknown Pose,44.00,failed
2025-11-05 17:07:32.266260,Unknown Pose,44.00,failed
2025-11-05 17:07:32.815557,Unknown Pose,47.00,failed
2025-11-05 17:07:33.366326,Unknown Pose,33.00,failed
2025-11-05 17:07:33.926492,Unknown Pose,50.00,failed
2025-11-05 17:07:34.484268,Unknown Pose,44.00,failed
2025-11-05 17:07:35.048938,Unknown Pose,29.00,failed
2025-11-05 17:07:35.607015,Unknown Pose,24.00,failed
2025-11-05 17:07:36.157370,Unknown Pose,31.00,failed
2025-11-05 17:07:36.731611,Unknown Pose,25.00,failed
2025-11-05 17:07:37.292068,Unknown Pose,26.00,failed
2025-11-05 17:07:37.836071,Unknown Pose,36.00,failed
2025-11-05 17:07:38.383239,Unknown Pose,38.00,failed
2025-11-05 17:07:38.932108,Unknown Pose,44.00,failed
2025-11-05 17:07:39.509253,Unknown Pose,39.00,failed
2025-11-05 17:07:40.085878,Unknown Pose,51.00,failed
2025-11-05 17:07:40.648656,Unknown Pose,45.00,failed
2025-11-05 17:07:41.198940,Unknown Pose,61.00,failed
2025-11-05 17:07:41.748421,Unknown Pose,35.00,failed
2025-11-05 17:07:42.305734,Unknown Pose,51.00,failed
2025-11-05 17:07:42.884332,Unknown Pose,57.00,failed
2025-11-05 17:07:43.446271,Unknown Pose,36.00,failed
2025-11-05 17:07:43.994088,Unknown Pose,66.00,failed
2025-11-05 17:07:44.568431,Unknown Pose,108.00,failed
2025-11-05 17:07:45.118112,Unknown Pose,55.00,failed
2025-11-05 17:07:45.690599,Unknown Pose,30.00,failed
2025-11-05 17:07:46.253280,Unknown Pose,89.00,failed
2025-11-05 17:07:46.811581,Unknown Pose,66.00,failed
2025-11-05 17:07:47.357391,Unknown Pose,56.00,failed
2025-11-05 17:07:47.916459,Unknown Pose,69.00,failed
2025-11-05 17:12:57.120377,Unknown Pose,90.00,failed
2025-11-05 17:12:57.663332,Unknown Pose,31.00,failed
2025-11-05 17:12:58.216875,Unknown Pose,44.00,failed
2025-11-05 17:12:58.773068,Unknown Pose,35.00,failed
2025-11-05 17:12:59.322448,Unknown Pose,32.00,failed
2025-11-05 17:12:59.872988,Unknown Pose,63.00,failed
2025-11-05 17:13:00.434023,Unknown Pose,45.00,failed
2025-11-05 17:13:00.991946,Unknown Pose,33.00,failed
2025-11-05 17:13:01.566748,Unknown Pose,42.00,failed
2025-11-05 17:13:02.125633,Unknown Pose,32.00,failed
2025-11-05 17:13:02.692568,Unknown Pose,64.00,failed
2025-11-05 17:13:03.252976,Unknown Pose,110.00,failed
2025-11-05 17:13:03.819272,Unknown Pose,36.00,failed
2025-11-05 17:13:04.381802,Unknown Pose,70.00,failed
2025-11-05 17:13:04.940959,Unknown Pose,32.00,failed
2025-11-05 17:13:05.499608,Unknown Pose,29.00,failed
2025-11-05 17:13:06.047955,Unknown Pose,64.00,failed
2025-11-05 17:13:06.610830,Unknown Pose,46.00,failed
2025-11-05 17:13:07.174812,Unknown Pose,66.00,failed
2025-11-05 17:13:07.736960,Unknown Pose,45.00,failed
2025-11-05 17:13:08.315193,Unknown Pose,57.00,failed
2025-11-05 17:13:08.890401,Unknown Pose,65.00,failed
2025-11-05 17:13:09.443604,Unknown Pose,65.00,failed
2025-11-05 17:13:10.007982,Unknown Pose,72.00,failed
2025-11-05 17:13:10.584334,Unknown Pose,99.00,failed
2025-11-05 17:13:11.159916,Unknown Pose,54.00,failed
2025-11-05 17:13:11.722655,Unknown Pose,40.00,failed
2025-11-05 17:13:12.283492,Unknown Pose,78.00,failed
2025-11-05 17:13:12.847289,Unknown Pose,57.00,failed
2025-11-05 17:13:13.408657,Unknown Pose,29.00,failed
2025-11-05 17:13:13.970033,Unknown Pose,40.00,failed
2025-11-05 17:13:14.531959,Unknown Pose,48.00,failed
2025-11-05 17:13:15.091342,Unknown Pose,29.00,failed
2025-11-05 17:13:15.653668,Unknown Pose,36.00,failed
2025-11-05 17:13:16.200174,Unknown Pose,52.00,failed
2025-11-05 17:13:16.777132,Unknown Pose,36.00,failed
2025-11-05 17:13:17.344108,Unknown Pose,43.00,failed
2025-11-05 17:13:17.911277,Unknown Pose,45.00,failed
2025-11-05 17:13:18.477358,Unknown Pose,73.00,failed
2025-11-05 17:13:19.028147,Unknown Pose,89.00,failed
2025-11-05 17:13:19.581576,Unknown Pose,84.00,failed
2025-11-05 17:13:20.148689,Unknown Pose,62.00,failed
2025-11-05 17:13:20.709979,Unknown Pose,56.00,failed
2025-11-05 17:13:21.272594,Unknown Pose,99.00,failed
2025-11-05 17:13:21.838181,Unknown Pose,28.00,failed
2025-11-05 17:13:22.385854,Unknown Pose,52.00,failed
2025-11-05 17:13:22.947747,Unknown Pose,49.00,failed
2025-11-05 17:13:23.499473,Unknown Pose,94.00,failed
2025-11-05 17:13:24.055900,Unknown Pose,70.00,failed
2025-11-05 17:13:24.620299,Unknown Pose,98.00,failed
2025-11-05 17:13:25.181793,Unknown Pose,48.00,failed
2025-11-05 17:13:25.740780,Unknown Pose,62.00,failed
2025-11-05 17:13:26.315906,Unknown Pose,30.00,failed
2025-11-05 17:13:26.877509,Unknown Pose,41.00,failed
2025-11-05 17:13:27.439352,Unknown Pose,40.00,failed
2025-11-05 17:13:28.004223,Unknown Pose,36.00,failed
2025-11-05 17:13:28.570117,Unknown Pose,53.00,failed
2025-11-05 17:13:29.132416,Unknown Pose,45.00,failed
2025-11-05 17:13:29.693710,Unknown Pose,44.00,failed
2025-11-05 17:13:30.244782,Unknown Pose,31.00,failed
2025-11-05 17:13:30.799292,Unknown Pose,50.00,failed
2025-11-05 17:13:31.367864,Unknown Pose,57.00,failed
2025-11-05 17:13:31.929682,Unknown Pose,37.00,failed
2025-11-05 17:13:32.489677,Unknown Pose,32.00,failed
2025-11-05 17:13:33.037913,Unknown Pose,47.00,failed
2025-11-05 17:13:33.599025,Unknown Pose,27.00,failed
2025-11-05 17:13:34.158192,Unknown Pose,29.00,failed
2025-11-05 17:13:34.721670,Unknown Pose,29.00,failed
2025-11-05 17:13:35.268305,Unknown Pose,30.00,failed
2025-11-05 17:13:35.833895,Unknown Pose,32.00,failed
2025-11-05 17:13:36.395067,Unknown Pose,50.00,failed
2025-11-05 17:13:36.943846,Unknown Pose,42.00,failed
2025-11-05 17:13:37.502901,Unknown Pose,36.00,failed
2025-11-05 17:13:38.048601,Unknown Pose,59.00,failed
2025-11-05 17:13:38.608585,Unknown Pose,30.00,failed
2025-11-05 17:13:39.184966,Unknown Pose,29.00,failed
2025-11-05 17:13:39.748156,Unknown Pose,40.00,failed
2025-11-05 17:13:40.323437,Unknown Pose,36.00,failed
2025-11-05 17:13:40.884417,Unknown Pose,32.00,failed
2025-11-05 17:13:41.445089,Unknown Pose,25.00,failed
2025-11-05 17:13:42.015297,Unknown Pose,45.00,failed
2025-11-05 17:13:42.566001,Unknown Pose,26.00,failed
2025-11-05 17:13:43.113414,Unknown Pose,29.00,failed
2025-11-05 17:13:43.676009,Unknown Pose,43.00,failed
2025-11-05 17:13:44.241071,Unknown Pose,29.00,failed
2025-11-05 17:13:44.787267,Unknown Pose,29.00,failed
2025-11-05 17:13:45.349406,Unknown Pose,26.00,failed
2025-11-05 17:13:45.894145,Unknown Pose,40.00,failed
2025-11-05 17:13:46.450718,Unknown Pose,25.00,failed
2025-11-05 17:13:47.014965,Unknown Pose,91.00,failed
2025-11-05 17:13:47.582043,Unknown Pose,116.00,failed
2025-11-05 17:13:48.142383,Unknown Pose,23.00,failed
2025-11-05 17:13:48.703392,Unknown Pose,51.00,failed
2025-11-05 17:13:49.251483,Unknown Pose,29.00,failed
2025-11-05 17:13:49.803956,Unknown Pose,46.00,failed
2025-11-05 17:13:50.363138,Unknown Pose,24.00,failed
2025-11-05 17:13:50.927382,Unknown Pose,98.00,failed
2025-11-05 17:13:51.487205,Unknown Pose,57.00,failed
2025-11-05 17:13:52.034862,Unknown Pose,112.00,failed
2025-11-05 17:13:52.595888,Unknown Pose,61.00,failed
2025-11-05 17:13:53.161597,Unknown Pose,55.00,failed
2025-11-05 17:13:53.726929,Unknown Pose,57.00,failed
2025-11-05 17:13:54.304936,Unknown Pose,49.00,failed
2025-11-05 17:13:54.865875,Unknown Pose,34.00,failed
2025-11-05 17:13:55.428213,Unknown Pose,22.00,failed
2025-11-05 17:13:55.991935,Unknown Pose,70.00,failed
2025-11-05 17:13:56.552862,Unknown Pose,29.00,failed
2025-11-05 17:13:57.116807,Unknown Pose,30.00,failed
2025-11-05 17:13:57.679568,Unknown Pose,51.00,failed
2025-11-05 17:13:58.253553,Unknown Pose,48.00,failed
2025-11-05 17:13:58.814597,Unknown Pose,57.00,failed
2025-11-05 17:13:59.377619,Unknown Pose,85.00,failed
2025-11-05 17:13:59.941827,Unknown Pose,48.00,failed
2025-11-05 17:14:00.489600,Unknown Pose,85.00,failed
2025-11-05 17:14:01.049124,Unknown Pose,116.00,failed
2025-11-05 17:14:01.606007,Unknown Pose,102.00,failed
2025-11-05 17:14:02.169484,Unknown Pose,78.00,failed
2025-11-05 17:14:02.731292,Unknown Pose,125.00,failed
2025-11-05 17:14:03.306506,Unknown Pose,78.00,failed
2025-11-05 17:14:03.871167,Unknown Pose,82.00,failed
2025-11-05 17:14:04.433937,Unknown Pose,75.00,failed
2025-11-05 17:14:04.997591,Unknown Pose,84.00,failed
2025-11-05 17:14:05.558593,Unknown Pose,79.00,failed
2025-11-05 17:14:06.120943,Unknown Pose,111.00,failed
2025-11-05 17:14:06.696228,Unknown Pose,54.00,failed
2025-11-05 17:14:07.243459,Unknown Pose,26.00,failed
2025-11-05 17:14:07.795654,Unknown Pose,24.00,failed
2025-11-05 17:14:08.359933,Unknown Pose,63.00,failed
2025-11-05 17:14:08.927245,Unknown Pose,119.00,failed
2025-11-05 17:14:09.491981,Unknown Pose,52.00,failed
2025-11-05 17:14:10.057787,Unknown Pose,105.00,failed
2025-11-05 17:14:10.605150,Unknown Pose,65.00,failed
2025-11-05 17:14:11.155279,Unknown Pose,48.00,failed
2025-11-05 17:14:11.715949,Unknown Pose,84.00,failed
2025-11-05 17:14:12.276325,Unknown Pose,61.00,failed
2025-11-05 17:14:12.838737,Unknown Pose,62.00,failed
2025-11-05 17:14:13.400346,Unknown Pose,30.00,failed
2025-11-05 17:14:13.964028,Unknown Pose,36.00,failed
2025-11-05 17:14:14.532259,Unknown Pose,37.00,failed
2025-11-05 17:14:15.091391,Unknown Pose,23.00,failed
2025-11-05 17:14:15.656542,Unknown Pose,26.00,failed
2025-11-05 17:14:16.229790,Unknown Pose,36.00,failed
2025-11-05 17:14:16.790064,Unknown Pose,24.00,failed
2025-11-05 17:14:17.366962,Unknown Pose,33.00,failed
2025-11-05 17:14:17.932269,Unknown Pose,26.00,failed
2025-11-05 17:14:18.495495,Unknown Pose,19.00,failed
2025-11-05 17:14:19.041123,Unknown Pose,19.00,failed
2025-11-05 17:14:19.603711,Unknown Pose,25.00,failed
2025-11-05 17:14:20.168781,Unknown Pose,45.00,failed
2025-11-05 17:14:20.727154,Unknown Pose,17.00,failed
2025-11-05 17:14:21.291212,Unknown Pose,58.00,failed
2025-11-05 17:14:21.853142,Unknown Pose,70.00,failed
2025-11-05 17:14:22.402797,Unknown Pose,54.00,failed
2025-11-05 17:14:22.963112,Unknown Pose,55.00,failed
2025-11-05 17:14:23.539749,Unknown Pose,68.00,failed
2025-11-05 17:14:24.100333,Unknown Pose,81.00,failed
2025-11-05 17:14:24.650700,Unknown Pose,58.00,failed
2025-11-05 17:14:25.213506,Unknown Pose,80.00,failed
2025-11-05 17:14:25.776547,Unknown Pose,78.00,failed
2025-11-05 17:14:26.338878,Unknown Pose,84.00,failed
2025-11-05 17:14:26.904047,Unknown Pose,77.00,failed
2025-11-05 17:14:27.462670,Unknown Pose,66.00,failed
2025-11-05 17:14:28.027452,Unknown Pose,61.00,failed
2025-11-05 17:14:28.599351,Unknown Pose,54.00,failed
2025-11-05 17:14:29.161885,Unknown Pose,54.00,failed
2025-11-05 17:14:29.737529,Unknown Pose,55.00,failed
2025-11-05 17:14:30.298585,Unknown Pose,55.00,failed
2025-11-05 17:14:30.851009,Unknown Pose,73.00,failed
2025-11-05 17:14:31.428435,Unknown Pose,76.00,failed
2025-11-05 17:14:31.995980,Unknown Pose,60.00,failed
2025-11-05 17:14:32.569915,Unknown Pose,86.00,failed
2025-11-05 17:14:33.130482,Unknown Pose,75.00,failed
2025-11-05 17:14:33.700586,Unknown Pose,80.00,failed
2025-11-05 17:14:34.265647,Unknown Pose,84.00,failed
2025-11-05 17:14:34.827032,Unknown Pose,97.00,failed
2025-11-05 17:14:35.402574,Unknown Pose,50.00,failed
2025-11-05 17:14:35.967678,Unknown Pose,79.00,failed
2025-11-05 17:14:36.529646,Unknown Pose,108.00,failed
2025-11-05 17:14:37.105340,Unknown Pose,59.00,failed
2025-11-05 17:14:37.668086,Unknown Pose,61.00,failed
2025-11-05 17:14:38.229844,Unknown Pose,83.00,failed
2025-11-05 17:14:38.806237,Unknown Pose,36.00,failed
2025-11-05 17:14:39.353144,Unknown Pose,29.00,failed
2025-11-05 17:14:39.899988,Unknown Pose,65.00,failed
2025-11-05 17:14:40.446344,Unknown Pose,52.00,failed
2025-11-05 17:14:41.026165,Unknown Pose,62.00,failed
2025-11-05 17:14:41.590620,Unknown Pose,54.00,failed
2025-11-05 17:14:42.137364,Unknown Pose,40.00,failed
2025-11-05 17:14:42.698034,Unknown Pose,51.00,failed
2025-11-05 17:14:43.259191,Unknown Pose,62.00,failed
2025-11-05 17:14:43.820092,Unknown Pose,50.00,failed
2025-11-05 17:14:44.384006,Unknown Pose,166.00,failed
2025-11-05 17:14:44.946646,Unknown Pose,109.00,failed
2025-11-05 17:14:45.521260,Unknown Pose,51.00,failed
2025-11-05 17:14:46.083303,Unknown Pose,62.00,failed
2025-11-05 17:14:46.650377,Unknown Pose,70.00,failed
2025-11-05 17:14:47.215442,Unknown Pose,85.00,failed
2025-11-05 17:14:47.763352,Unknown Pose,42.00,failed
2025-11-05 17:14:48.307473,Unknown Pose,35.00,failed
2025-11-05 17:14:48.871660,Unknown Pose,51.00,failed
2025-11-05 17:14:49.436826,Unknown Pose,68.00,failed
2025-11-05 17:14:49.999981,Unknown Pose,140.00,failed
2025-11-05 17:14:50.566025,Unknown Pose,59.00,failed
2025-11-05 17:14:51.123947,Unknown Pose,65.00,failed
2025-11-05 17:14:51.684584,Unknown Pose,66.00,failed
2025-11-05 17:14:52.246754,Unknown Pose,68.00,failed
2025-11-05 17:14:52.813077,Unknown Pose,72.00,failed
2025-11-05 17:14:53.377653,Unknown Pose,70.00,failed
2025-11-05 17:14:53.931962,Unknown Pose,88.00,failed
2025-11-05 17:14:54.495535,Unknown Pose,90.00,failed
2025-11-05 17:14:55.072765,Unknown Pose,37.00,failed
2025-11-05 17:14:55.636273,Unknown Pose,23.00,failed
2025-11-05 17:14:56.196690,Unknown Pose,41.00,failed
2025-11-05 17:14:56.759370,Unknown Pose,40.00,failed
2025-11-05 17:14:57.322586,Unknown Pose,120.00,failed
2025-11-05 17:14:57.885570,Unknown Pose,35.00,failed
2025-11-05 17:14:58.448314,Unknown Pose,69.00,failed
2025-11-05 17:14:58.992889,Unknown Pose,34.00,failed
2025-11-05 17:14:59.560332,Unknown Pose,54.00,failed
2025-11-05 17:15:00.121397,Unknown Pose,26.00,failed
2025-11-05 17:15:00.682607,Unknown Pose,36.00,failed
2025-11-05 17:15:01.258079,Unknown Pose,29.00,failed
2025-11-05 17:15:01.815466,Unknown Pose,28.00,failed
2025-11-05 17:15:02.377599,Unknown Pose,26.00,failed
2025-11-05 17:15:02.954760,Unknown Pose,38.00,failed
2025-11-05 17:15:03.515096,Unknown Pose,27.00,failed
2025-11-05 17:15:04.063695,Unknown Pose,42.00,failed
2025-11-05 17:15:04.631493,Unknown Pose,22.00,failed
2025-11-05 17:15:05.198043,Unknown Pose,32.00,failed
2025-11-05 17:15:05.751720,Unknown Pose,28.00,failed
2025-11-05 17:15:06.310130,Unknown Pose,20.00,failed
2025-11-05 17:15:06.875983,Unknown Pose,22.00,failed
2025-11-05 17:15:07.437306,Unknown Pose,21.00,failed
2025-11-05 17:15:07.989431,Unknown Pose,24.00,failed
2025-11-05 17:15:08.555623,Unknown Pose,28.00,failed
2025-11-05 17:15:09.108643,Unknown Pose,27.00,failed
2025-11-05 17:15:09.655784,Unknown Pose,24.00,failed
2025-11-05 17:15:10.213692,Unknown Pose,28.00,failed
2025-11-05 17:15:10.779920,Unknown Pose,30.00,failed
2025-11-05 17:15:11.340671,Unknown Pose,75.00,failed
2025-11-05 17:15:11.914797,Unknown Pose,34.00,failed
2025-11-05 17:16:17.797741,Unknown Pose,31.00,failed
2025-11-05 17:16:18.357477,Unknown Pose,35.00,failed
2025-11-05 17:16:18.920744,Unknown Pose,25.00,failed
2025-11-05 17:16:19.463672,Unknown Pose,53.00,failed
2025-11-05 17:16:20.026239,Unknown Pose,32.00,failed
2025-11-05 17:16:20.582583,Unknown Pose,43.00,failed
2025-11-05 17:16:21.130760,Unknown Pose,47.00,failed
2025-11-05 17:16:21.707252,Unknown Pose,37.00,failed
2025-11-05 17:16:22.271682,Unknown Pose,28.00,failed
2025-11-05 17:16:22.827992,Unknown Pose,32.00,failed
2025-11-05 17:16:23.406182,Unknown Pose,30.00,failed
2025-11-05 17:16:23.972082,Unknown Pose,38.00,failed
2025-11-05 17:16:24.539231,Unknown Pose,40.00,failed
2025-11-05 17:16:25.105835,Unknown Pose,27.00,failed
2025-11-05 17:16:25.670351,Unknown Pose,20.00,failed
2025-11-05 17:16:26.231617,Unknown Pose,35.00,failed
2025-11-05 17:16:26.794453,Unknown Pose,29.00,failed
2025-11-05 17:16:27.351427,Unknown Pose,45.00,failed
2025-11-05 17:16:27.914936,Unknown Pose,48.00,failed
2025-11-05 17:16:28.460232,Unknown Pose,45.00,failed
2025-11-05 17:16:29.023926,Unknown Pose,54.00,failed
2025-11-05 17:16:29.599348,Unknown Pose,108.00,failed
2025-11-05 17:16:30.146420,Unknown Pose,70.00,failed
2025-11-05 17:16:30.708611,Unknown Pose,33.00,failed
2025-11-05 17:16:31.285802,Unknown Pose,39.00,failed
2025-11-05 17:16:31.846052,Unknown Pose,79.00,failed
2025-11-05 17:16:32.411216,Unknown Pose,36.00,failed
2025-11-05 17:16:32.972295,Unknown Pose,108.00,failed
2025-11-05 17:16:33.533033,Unknown Pose,49.00,failed
2025-11-05 17:16:34.108149,Unknown Pose,40.00,failed
2025-11-05 17:16:34.670935,Unknown Pose,58.00,failed
2025-11-05 17:16:35.233883,Unknown Pose,28.00,failed
2025-11-05 17:16:35.791486,Unknown Pose,60.00,failed
2025-11-05 17:16:36.348868,Unknown Pose,77.00,failed
2025-11-05 17:16:36.899864,Unknown Pose,65.00,failed
2025-11-05 17:16:37.447516,Unknown Pose,41.00,failed
2025-11-05 17:16:38.013138,Unknown Pose,60.00,failed
2025-11-05 17:16:38.577577,Unknown Pose,53.00,failed
2025-11-05 17:16:39.137437,Unknown Pose,61.00,failed
2025-11-05 17:16:39.685386,Unknown Pose,44.00,failed
2025-11-05 17:16:40.233328,Unknown Pose,37.00,failed
2025-11-05 17:16:40.791102,Unknown Pose,43.00,failed
2025-11-05 17:16:41.354646,Unknown Pose,73.00,failed
2025-11-05 17:16:41.916421,Unknown Pose,44.00,failed
2025-11-05 17:16:42.494166,Unknown Pose,56.00,failed
2025-11-05 17:16:43.054420,Unknown Pose,46.00,failed
2025-11-05 17:16:43.631490,Unknown Pose,46.00,failed
2025-11-05 17:16:44.193752,Unknown Pose,35.00,failed
2025-11-05 17:16:44.761778,Unknown Pose,38.00,failed
2025-11-05 17:16:45.323333,Unknown Pose,47.00,failed
2025-11-05 17:16:45.883980,Unknown Pose,28.00,failed
2025-11-05 17:16:46.458280,Unknown Pose,35.00,failed
2025-11-05 17:16:47.005012,Unknown Pose,21.00,failed
2025-11-05 17:16:47.568374,Unknown Pose,25.00,failed
2025-11-05 17:16:48.128640,Unknown Pose,34.00,failed
2025-11-05 17:16:48.691220,Unknown Pose,32.00,failed
2025-11-05 17:16:49.253215,Unknown Pose,19.00,failed
2025-11-05 17:16:49.797224,Unknown Pose,65.00,failed
2025-11-05 17:16:50.361628,Unknown Pose,84.00,failed
2025-11-05 17:16:50.938526,Unknown Pose,37.00,failed
2025-11-05 17:16:51.497788,Unknown Pose,46.00,failed
2025-11-05 17:19:57.526126,Unknown Pose,118.00,failed
2025-11-05 17:19:58.100596,Unknown Pose,48.00,failed
2025-11-05 17:19:58.647419,Unknown Pose,90.00,failed
2025-11-05 17:19:59.210977,Unknown Pose,146.00,failed
2025-11-05 17:19:59.757544,Unknown Pose,44.00,failed
2025-11-05 17:20:00.306817,Unknown Pose,84.00,failed
2025-11-05 17:20:00.857186,Unknown Pose,37.00,failed
2025-11-05 17:20:01.424171,Unknown Pose,25.00,failed
2025-11-05 17:20:01.974893,Unknown Pose,109.00,failed
2025-11-05 17:20:02.535705,Unknown Pose,63.00,failed
2025-11-05 17:20:03.088905,Unknown Pose,152.00,failed
2025-11-05 17:20:03.653660,Unknown Pose,44.00,failed
2025-11-05 17:20:04.200499,Unknown Pose,92.00,failed
2025-11-05 17:20:04.759852,Unknown Pose,179.00,failed
2025-11-05 17:20:05.324239,Unknown Pose,36.00,failed
2025-11-05 17:20:05.889310,Unknown Pose,39.00,failed
2025-11-05 17:20:06.434908,Unknown Pose,38.00,failed
2025-11-05 17:20:06.981207,Unknown Pose,59.00,failed
2025-11-05 17:20:07.543308,Unknown Pose,167.00,failed
2025-11-05 17:20:08.106850,Unknown Pose,114.00,failed
2025-11-05 17:20:08.673209,Unknown Pose,16.00,failed
2025-11-05 17:20:09.222062,Unknown Pose,28.00,failed
2025-11-05 17:20:09.782304,Unknown Pose,23.00,failed
2025-11-05 17:20:10.346633,Unknown Pose,32.00,failed
2025-11-05 17:20:10.902504,Unknown Pose,51.00,failed
2025-11-05 17:20:11.465861,Unknown Pose,23.00,failed
2025-11-05 17:20:12.025190,Unknown Pose,17.00,failed
2025-11-05 17:20:12.589415,Unknown Pose,39.00,failed
2025-11-05 17:20:13.162897,Unknown Pose,24.00,failed
2025-11-05 17:20:13.727279,Unknown Pose,15.00,failed
2025-11-05 17:20:14.288155,Unknown Pose,19.00,failed
2025-11-05 17:20:14.849063,Unknown Pose,26.00,failed
2025-11-05 17:20:15.407720,Unknown Pose,77.00,failed
2025-11-05 17:20:15.973874,Unknown Pose,25.00,failed
2025-11-05 17:20:16.548203,Unknown Pose,19.00,failed
2025-11-05 17:20:17.096946,Unknown Pose,16.00,failed
2025-11-05 17:20:17.659207,Unknown Pose,25.00,failed
2025-11-05 17:20:18.221064,Unknown Pose,45.00,failed
2025-11-05 17:20:18.767872,Unknown Pose,50.00,failed
2025-11-05 17:20:19.318458,Unknown Pose,20.00,failed
2025-11-05 17:20:19.884512,Unknown Pose,40.00,failed
2025-11-05 17:20:20.450780,Unknown Pose,27.00,failed
2025-11-05 17:20:21.014113,Unknown Pose,12.00,failed
2025-11-05 17:20:21.579156,Unknown Pose,17.00,failed
2025-11-05 17:20:22.140415,Unknown Pose,24.00,failed
2025-11-05 17:20:22.700603,Unknown Pose,13.00,failed
2025-11-05 17:20:23.266841,Unknown Pose,34.00,failed
2025-11-05 17:20:23.831337,Unknown Pose,31.00,failed
2025-11-05 17:20:24.390402,Unknown Pose,41.00,failed
2025-11-05 17:20:24.952852,Unknown Pose,26.00,failed
2025-11-05 17:20:25.519194,Unknown Pose,29.00,failed
2025-11-05 17:20:26.082022,Unknown Pose,30.00,failed
2025-11-05 17:20:26.640959,Unknown Pose,47.00,failed
2025-11-05 17:20:27.202416,Unknown Pose,49.00,failed
2025-11-05 17:20:27.749284,Unknown Pose,30.00,failed
2025-11-05 17:20:28.311559,Unknown Pose,20.00,failed
2025-11-05 17:20:28.888412,Unknown Pose,29.00,failed
2025-11-05 17:20:29.461895,Unknown Pose,29.00,failed
2025-11-05 17:20:30.023598,Unknown Pose,24.00,failed
2025-11-05 17:20:30.600955,Unknown Pose,35.00,failed
2025-11-05 17:20:31.150970,Unknown Pose,15.00,failed
2025-11-05 17:20:31.709458,Unknown Pose,13.00,failed
2025-11-05 17:20:32.273293,Unknown Pose,14.00,failed
2025-11-05 17:20:32.820385,Unknown Pose,25.00,failed
2025-11-05 17:20:33.382754,Unknown Pose,37.00,failed
2025-11-05 17:20:33.944124,Unknown Pose,18.00,failed
2025-11-05 17:20:34.506749,Unknown Pose,47.00,failed
2025-11-05 17:20:35.067811,Unknown Pose,62.00,failed
2025-11-05 17:20:35.628464,Unknown Pose,116.00,failed
2025-11-05 17:20:36.188461,Unknown Pose,29.00,failed
2025-11-05 17:20:36.747905,Unknown Pose,15.00,failed
2025-11-05 17:20:37.307459,Unknown Pose,18.00,failed
2025-11-05 17:20:37.884609,Unknown Pose,67.00,failed
2025-11-05 17:20:38.449075,Unknown Pose,21.00,failed
2025-11-05 17:20:39.014745,Unknown Pose,50.00,failed
2025-11-05 17:20:39.581831,Unknown Pose,54.00,failed
2025-11-05 17:20:40.148494,Unknown Pose,14.00,failed
2025-11-05 17:20:40.712724,Unknown Pose,33.00,failed
2025-11-05 17:20:41.270702,Unknown Pose,21.00,failed
2025-11-05 17:20:41.824186,Unknown Pose,34.00,failed
2025-11-05 17:20:42.389826,Unknown Pose,33.00,failed
2025-11-05 17:20:42.938444,Unknown Pose,49.00,failed
2025-11-05 17:20:43.503795,Unknown Pose,57.00,failed
2025-11-05 17:20:44.067420,Unknown Pose,52.00,failed
2025-11-05 17:20:44.635469,Unknown Pose,46.00,failed
2025-11-05 17:20:45.198356,Unknown Pose,131.00,failed
2025-11-05 17:20:45.758204,Unknown Pose,116.00,failed
2025-11-05 17:20:46.322596,Unknown Pose,95.00,failed
2025-11-05 17:20:46.871886,Unknown Pose,150.00,failed
2025-11-05 17:20:47.420025,Unknown Pose,106.00,failed
2025-11-05 17:20:47.969939,Unknown Pose,115.00,failed
2025-11-05 17:20:48.533290,Unknown Pose,76.00,failed
2025-11-05 17:20:49.093500,Unknown Pose,129.00,failed
2025-11-05 17:20:49.639010,Unknown Pose,64.00,failed
2025-11-05 17:20:50.216048,Unknown Pose,69.00,failed
2025-11-05 17:20:50.791422,Unknown Pose,55.00,failed
2025-11-05 17:20:51.368462,Unknown Pose,75.00,failed
2025-11-05 17:20:51.933021,Unknown Pose,135.00,failed
2025-11-05 17:20:52.496071,Unknown Pose,188.00,failed
2025-11-05 17:20:53.068086,Unknown Pose,98.00,failed
2025-11-05 17:20:53.628100,Unknown Pose,73.00,failed
2025-11-05 17:20:54.189305,Unknown Pose,91.00,failed
2025-11-05 17:20:54.736895,Unknown Pose,81.00,failed
2025-11-05 17:20:55.280970,Unknown Pose,17.00,failed
2025-11-05 17:20:55.828050,Unknown Pose,85.00,failed
2025-11-05 17:20:56.376753,Unknown Pose,35.00,failed
2025-11-05 17:20:56.936567,Unknown Pose,27.00,failed
2025-11-05 17:20:57.501010,Unknown Pose,48.00,failed
2025-11-05 17:22:17.127991,Unknown Pose,24.00,failed
2025-11-05 17:22:17.677846,Unknown Pose,45.00,failed
2025-11-05 17:22:18.230484,Unknown Pose,50.00,failed
2025-11-05 17:22:18.781071,Unknown Pose,120.00,failed
2025-11-05 17:22:19.326096,Unknown Pose,55.00,failed
2025-11-05 17:22:19.885374,Unknown Pose,80.00,failed
2025-11-05 17:22:20.451143,Unknown Pose,148.00,failed
2025-11-05 17:22:21.020278,Unknown Pose,73.00,failed
2025-11-05 17:22:21.583717,Unknown Pose,72.00,failed
2025-11-05 17:22:22.132030,Unknown Pose,70.00,failed
2025-11-05 17:22:22.697885,Unknown Pose,37.00,failed
2025-11-05 17:22:23.260066,Unknown Pose,32.00,failed
2025-11-05 17:22:23.828459,Unknown Pose,38.00,failed
2025-11-05 17:22:24.404928,Unknown Pose,47.00,failed
2025-11-05 17:22:24.979381,Unknown Pose,48.00,failed
2025-11-05 17:22:25.543140,Unknown Pose,54.00,failed
2025-11-05 17:22:26.108015,Unknown Pose,43.00,failed
2025-11-05 17:22:26.672483,Unknown Pose,39.00,failed
2025-11-05 17:22:27.247666,Unknown Pose,28.00,failed
2025-11-05 17:22:27.822363,Unknown Pose,38.00,failed
2025-11-05 17:22:28.384526,Unknown Pose,41.00,failed
2025-11-05 17:22:28.950949,Unknown Pose,26.00,failed
2025-11-05 17:22:29.518317,Unknown Pose,31.00,failed
2025-11-05 17:22:30.079751,Unknown Pose,22.00,failed
2025-11-05 17:22:30.627742,Unknown Pose,28.00,failed
2025-11-05 17:22:31.189308,Unknown Pose,76.00,failed
2025-11-05 17:22:31.767667,Unknown Pose,26.00,failed
2025-11-05 17:22:32.330830,Unknown Pose,37.00,failed
2025-11-05 17:22:32.896028,Unknown Pose,25.00,failed
2025-11-05 17:22:33.473138,Unknown Pose,26.00,failed
2025-11-05 17:22:34.024879,Unknown Pose,20.00,failed
2025-11-05 17:22:34.590041,Unknown Pose,26.00,failed
2025-11-05 17:22:35.155700,Unknown Pose,30.00,failed
2025-11-05 17:22:35.719197,Unknown Pose,26.00,failed
2025-11-05 17:22:36.268137,Unknown Pose,24.00,failed
2025-11-05 17:22:36.843675,Unknown Pose,28.00,failed
2025-11-05 17:22:37.420385,Unknown Pose,29.00,failed
2025-11-05 17:22:37.980374,Unknown Pose,30.00,failed
2025-11-05 17:22:38.526648,Unknown Pose,62.00,failed
2025-11-05 17:22:39.089245,Unknown Pose,30.00,failed
2025-11-05 17:22:39.658304,Unknown Pose,60.00,failed
2025-11-05 17:22:40.222804,Unknown Pose,64.00,failed
2025-11-05 17:22:40.797049,Unknown Pose,56.00,failed
2025-11-05 17:22:41.365789,Unknown Pose,105.00,failed
2025-11-05 17:22:41.918149,Unknown Pose,94.00,failed
2025-11-05 17:22:42.479643,Unknown Pose,74.00,failed
2025-11-05 17:22:43.043515,Unknown Pose,90.00,failed
2025-11-05 17:22:43.598790,Unknown Pose,23.00,failed
2025-11-05 17:22:44.175137,Unknown Pose,35.00,failed
2025-11-05 17:22:44.735178,Unknown Pose,55.00,failed
2025-11-05 17:22:45.298756,Unknown Pose,45.00,failed
2025-11-05 17:22:45.858329,Unknown Pose,41.00,failed
2025-11-05 17:22:46.420595,Unknown Pose,25.00,failed
2025-11-05 17:22:46.984638,Unknown Pose,108.00,failed
2025-11-05 17:22:47.550969,Unknown Pose,30.00,failed
2025-11-05 17:22:48.116118,Unknown Pose,47.00,failed
2025-11-05 17:22:48.658743,Unknown Pose,44.00,failed
2025-11-05 17:22:49.206247,Unknown Pose,44.00,failed
2025-11-05 17:22:49.754024,Unknown Pose,24.00,failed
2025-11-05 17:22:50.308584,Unknown Pose,21.00,failed
2025-11-05 17:22:50.874900,Unknown Pose,53.00,failed
2025-11-05 17:22:51.440043,Unknown Pose,32.00,failed
2025-11-05 17:38:11.435423,Unknown Pose,nan,failed
2025-11-05 17:38:11.985631,Unknown Pose,nan,failed
2025-11-05 17:38:12.534438,Unknown Pose,nan,failed
2025-11-05 17:38:13.083187,Unknown Pose,nan,failed
2025-11-05 17:38:13.641471,Unknown Pose,nan,failed
2025-11-05 17:38:14.195364,Unknown Pose,nan,failed
2025-11-05 17:38:14.745080,Unknown Pose,nan,failed
2025-11-05 17:38:15.299102,Unknown Pose,nan,failed
2025-11-05 17:38:15.847633,Unknown Pose,nan,failed
2025-11-05 17:38:16.401156,Unknown Pose,nan,failed
2025-11-05 17:38:16.966653,Unknown Pose,nan,failed
2025-11-05 17:38:17.516178,Unknown Pose,nan,failed
2025-11-05 17:38:18.071032,Unknown Pose,nan,failed
2025-11-05 17:38:18.627285,Unknown Pose,nan,failed
2025-11-05 17:38:19.182274,Unknown Pose,nan,failed
2025-11-05 17:38:19.729156,Unknown Pose,nan,failed
2025-11-05 17:38:20.279424,Unknown Pose,nan,failed
2025-11-05 17:38:20.831677,Unknown Pose,nan,failed
2025-11-05 17:38:21.385304,Unknown Pose,nan,failed
2025-11-05 17:38:21.936693,Unknown Pose,nan,failed
2025-11-05 17:38:22.508033,Unknown Pose,nan,failed
2025-11-05 17:38:23.058252,Unknown Pose,nan,failed
2025-11-05 17:38:23.607416,Unknown Pose,nan,failed
2025-11-05 17:38:24.159138,Unknown Pose,nan,failed
2025-11-05 17:38:24.716615,Unknown Pose,nan,failed
2025-11-05 17:38:25.266504,Unknown Pose,nan,failed
2025-11-05 17:38:25.815206,Unknown Pose,nan,failed
2025-11-05 17:38:26.367203,Unknown Pose,nan,failed
2025-11-05 17:38:26.919016,Unknown Pose,nan,failed
2025-11-05 17:38:27.469453,Unknown Pose,nan,failed
2025-11-05 17:38:28.048260,Unknown Pose,nan,failed
2025-11-05 17:38:28.603886,Unknown Pose,nan,failed
2025-11-05 17:38:29.161316,Unknown Pose,nan,failed
2025-11-05 17:38:29.716273,Unknown Pose,nan,failed
2025-11-05 17:38:30.278849,Unknown Pose,nan,failed
2025-11-05 17:38:30.835798,Unknown Pose,nan,failed
2025-11-05 17:38:31.385302,Unknown Pose,nan,failed
2025-11-05 17:38:31.937452,Unknown Pose,nan,failed
2025-11-05 17:38:32.485018,Unknown Pose,nan,failed
2025-11-05 17:38:33.029293,Unknown Pose,nan,failed
2025-11-05 17:38:33.593314,Unknown Pose,nan,failed
2025-11-05 17:38:34.147194,Unknown Pose,nan,failed
2025-11-05 17:38:34.701659,Unknown Pose,nan,failed
2025-11-05 17:38:35.256074,Unknown Pose,nan,failed
2025-11-05 17:38:35.808640,Unknown Pose,nan,failed
2025-11-05 17:38:36.356089,Unknown Pose,nan,failed
2025-11-05 17:38:36.905607,Unknown Pose,nan,failed
2025-11-05 17:38:37.453486,Unknown Pose,nan,failed
2025-11-05 17:38:38.011074,Unknown Pose,nan,failed
2025-11-05 17:38:38.561430,Unknown Pose,nan,failed
2025-11-05 17:38:39.115282,Unknown Pose,nan,failed
2025-11-05 17:38:39.669276,Unknown Pose,nan,failed
2025-11-05 17:38:40.218712,Unknown Pose,nan,failed
2025-11-05 17:38:40.770305,Unknown Pose,nan,failed
2025-11-05 17:38:41.320404,Unknown Pose,nan,failed
2025-11-05 17:38:41.868078,Unknown Pose,nan,failed
2025-11-05 17:38:42.421909,Unknown Pose,nan,failed
2025-11-05 17:38:42.972027,Unknown Pose,nan,failed
2025-11-05 17:38:43.522094,Unknown Pose,nan,failed
2025-11-05 17:38:44.073338,Unknown Pose,nan,failed
2025-11-05 17:38:44.620652,Unknown Pose,nan,failed
2025-11-05 17:38:45.166109,Unknown Pose,nan,failed
2025-11-05 17:38:45.714896,Unknown Pose,nan,failed
2025-11-05 17:38:46.271273,Unknown Pose,nan,failed
2025-11-05 17:38:46.829810,Unknown Pose,nan,failed
2025-11-05 17:38:47.381253,Unknown Pose,nan,failed
2025-11-05 17:38:47.930902,Unknown Pose,nan,failed
2025-11-05 17:38:48.478136,Unknown Pose,nan,failed
2025-11-05 17:38:49.032474,Unknown Pose,nan,failed
2025-11-05 17:38:49.590573,Unknown Pose,nan,failed
2025-11-05 17:38:50.139460,Unknown Pose,nan,failed
2025-11-05 17:38:50.695042,Unknown Pose,nan,failed
2025-11-05 17:38:51.267261,Unknown Pose,nan,failed
2025-11-05 17:38:51.829822,Unknown Pose,nan,failed
2025-11-05 17:38:52.380671,Unknown Pose,nan,failed
2025-11-05 17:38:52.948625,Unknown Pose,nan,failed
2025-11-05 17:38:53.499500,Unknown Pose,nan,failed
2025-11-05 17:38:54.051340,Unknown Pose,nan,failed
2025-11-05 17:38:54.604595,Unknown Pose,nan,failed
2025-11-05 17:38:55.153699,Unknown Pose,nan,failed
2025-11-05 17:38:55.704499,Unknown Pose,nan,failed
2025-11-05 17:38:56.255414,Unknown Pose,nan,failed
2025-11-05 17:38:56.808563,Unknown Pose,nan,failed
2025-11-05 17:38:57.360383,Unknown Pose,nan,failed
2025-11-05 17:38:57.913090,Unknown Pose,nan,failed
2025-11-05 17:38:58.463814,Unknown Pose,nan,failed
2025-11-05 17:38:59.016814,Unknown Pose,nan,failed
2025-11-05 17:38:59.577336,Unknown Pose,nan,failed
2025-11-05 17:39:00.127869,Unknown Pose,nan,failed
2025-11-05 17:39:00.693615,Unknown Pose,nan,failed
2025-11-05 17:39:01.252606,Unknown Pose,nan,failed
2025-11-05 17:39:01.807284,Unknown Pose,nan,failed
2025-11-05 17:39:02.359445,Unknown Pose,nan,failed
2025-11-05 17:39:02.915616,Unknown Pose,nan,failed
2025-11-05 17:39:03.483990,Unknown Pose,nan,failed
2025-11-05 17:39:04.036171,Unknown Pose,nan,failed
2025-11-05 17:39:04.588178,Unknown Pose,nan,failed
2025-11-05 17:39:05.141457,Unknown Pose,nan,failed
2025-11-05 17:39:05.709068,Unknown Pose,nan,failed
2025-11-05 17:39:06.279757,Unknown Pose,nan,failed
2025-11-05 17:39:06.827713,Unknown Pose,nan,failed
2025-11-05 17:39:07.374723,Unknown Pose,nan,failed
2025-11-05 17:39:07.935042,Unknown Pose,nan,failed
2025-11-05 17:39:08.485985,Unknown Pose,nan,failed
2025-11-05 17:39:09.032515,Unknown Pose,nan,failed
2025-11-05 17:39:09.584645,Unknown Pose,nan,failed
2025-11-05 17:39:10.152819,Unknown Pose,nan,failed
2025-11-05 17:39:10.701839,Unknown Pose,nan,failed
2025-11-05 17:39:11.260524,Unknown Pose,nan,failed
2025-11-05 17:39:11.824399,Unknown Pose,nan,failed
2025-11-05 17:39:12.380115,Unknown Pose,nan,failed
2025-11-05 17:39:12.931419,Unknown Pose,nan,failed
2025-11-05 17:39:13.484798,Unknown Pose,nan,failed
2025-11-05 17:39:14.035990,Unknown Pose,nan,failed
2025-11-05 17:39:14.588360,Unknown Pose,nan,failed
2025-11-05 17:39:15.147755,Unknown Pose,nan,failed
2025-11-05 17:39:15.716368,Unknown Pose,nan,failed
2025-11-05 17:39:16.285006,Unknown Pose,nan,failed
2025-11-05 17:39:16.838381,Unknown Pose,nan,failed
2025-11-05 17:39:17.388480,Unknown Pose,nan,failed
2025-11-05 17:39:17.940355,Unknown Pose,nan,failed
2025-11-05 17:39:18.494322,Unknown Pose,nan,failed
2025-11-05 17:39:19.065862,Unknown Pose,nan,failed
2025-11-05 17:39:19.615096,Unknown Pose,nan,failed
2025-11-05 17:39:20.165273,Unknown Pose,nan,failed
2025-11-05 17:39:20.729258,Unknown Pose,nan,failed
2025-11-05 17:39:21.278761,Unknown Pose,nan,failed
2025-11-05 17:39:21.820270,Unknown Pose,nan,failed
2025-11-05 17:39:22.391948,Unknown Pose,nan,failed
2025-11-05 17:39:22.944239,Unknown Pose,nan,failed
2025-11-05 17:39:23.494960,Unknown Pose,nan,failed
2025-11-05 17:39:24.044660,Unknown Pose,nan,failed
2025-11-05 17:39:24.595133,Unknown Pose,nan,failed
2025-11-05 17:39:25.145189,Unknown Pose,nan,failed
2025-11-05 17:39:25.695929,Unknown Pose,nan,failed
2025-11-05 17:39:26.245199,Unknown Pose,nan,failed
2025-11-05 19:55:29.803638,shf,0.27,failed
2025-11-05 19:55:30.171805,shf,0.76,correct
2025-11-05 19:55:33.687263,sqs,0.26,failed
2025-11-05 19:55:34.200769,sqs,0.17,failed
2025-11-05 19:55:34.772841,sqs,0.51,correct
2025-11-05 19:55:39.074900,ars,0.71,correct
2025-11-05 19:56:14.403363,shf,0.75,correct
2025-11-05 19:56:17.919835,sqs,0.15,failed
2025-11-05 19:56:18.283315,sqs,0.68,correct
2025-11-05 19:56:22.486088,ars,0.55,correct
2025-11-05 19:56:47.485538,shf,0.52,correct
2025-11-05 19:56:51.929889,ars,0.36,retry
2025-11-05 19:56:52.445239,sqs,0.16,failed
2025-11-05 19:56:52.811425,ars,0.76,correct
2025-11-05 19:56:57.773389,sqs,0.39,retry
2025-11-05 19:56:58.137010,sqs,0.72,correct
2025-11-05 19:57:24.668895,ars,0.27,failed
2025-11-05 19:57:25.040177,ars,0.61,correct
2025-11-05 19:57:28.405391,shf,0.67,correct
2025-11-05 19:57:31.771033,sqs,0.60,correct
2025-11-05 20:00:27.680117,sqs,0.50,retry
2025-11-05 20:00:28.047448,shf,0.35,retry
2025-11-05 20:00:28.411174,sqs,0.80,correct
2025-11-05 20:00:31.774171,ars,0.56,correct
2025-11-05 20:00:36.439587,shf,0.18,failed
2025-11-05 20:00:37.219270,shf,0.44,retry
2025-11-05 20:00:38.039172,shf,0.13,failed
2025-11-05 20:00:38.497818,shf,0.56,correct
2025-11-05 20:13:01.157731,sqs,0.79,correct
2025-11-05 20:13:04.524159,ars,0.79,correct
2025-11-05 20:13:08.564450,shf,0.23,failed
2025-11-05 20:13:09.279278,shf,0.27,failed
2025-11-05 20:13:09.740368,shf,0.43,retry
2025-11-05 20:13:10.722382,shf,0.55,correct
